sno,year,month,date,0h,1h,2h,3h,4h,5h,6h,7h,8h,9h,10h,11h,12h,13h,14h,15h,16h,17h,18h,19h,20h,21h,22h,23h,Tavg,min,max,DstYear,Century
20819,2014,1,1,-1,-1,-2,-4,-4,-9,-11,-10,-8,2,11,9,-3,-21,-34,-40,-32,-25,-24,-24,-26,-25,-19,-17,-13,-40,11,DST1401*01,PPX120
20820,2014,1,2,-19,-19,-19,-28,-27,-24,-21,-25,-21,-21,-25,-24,-17,-22,-27,-29,-24,-17,-17,-10,-11,-16,-18,-17,-21,-29,-10,DST1401*02,PPX120
20821,2014,1,3,-14,-10,-9,-13,-17,-16,-19,-21,-19,-22,-23,-20,-21,-19,-17,-18,-26,-28,-28,-30,-30,-26,-24,-23,-21,-30,-9,DST1401*03,PPX120
20822,2014,1,4,-19,-15,-14,-16,-15,-16,-14,-11,-10,-14,-13,-7,-3,-6,-9,-12,-11,-6,-5,-10,-15,-16,-14,-14,-12,-19,-3,DST1401*04,PPX120
20823,2014,1,5,-14,-12,-12,-12,-12,-11,-8,-9,-10,-11,-12,-14,-16,-14,-11,-12,-10,-4,-2,-4,-9,-10,-10,-12,-10,-16,-2,DST1401*05,PPX120
20824,2014,1,6,-15,-12,-12,-12,-9,-7,-6,-8,-10,-12,-12,-10,-7,-8,-7,-5,-3,-5,-7,-8,-10,-10,-13,-14,-9,-15,-3,DST1401*06,PPX120
20825,2014,1,7,-14,-13,-11,-14,-13,-9,-9,-11,-12,-12,-12,-11,-11,-14,-12,-5,-3,-9,-10,-3,-2,-2,0,-2,-9,-14,0,DST1401*07,PPX120
20826,2014,1,8,-6,-12,-15,-17,-16,-14,-14,-13,-15,-16,-14,-12,-14,-16,-15,-12,-9,-6,-4,-4,-8,-5,-2,-5,-11,-17,-2,DST1401*08,PPX120
20827,2014,1,9,-5,-9,-17,-25,-25,-23,-19,-17,-22,-23,-23,-20,-20,-17,-12,-7,-2,-1,0,-3,2,1,0,1,-12,-25,2,DST1401*09,PPX120
20828,2014,1,10,1,-1,-4,-4,-8,-11,-9,-6,-6,0,2,-1,-4,-5,-4,-3,-6,-8,-8,-6,-5,-5,-6,-8,-5,-11,2,DST1401*10,PPX120
20829,2014,1,11,-8,-8,-9,-11,-10,-8,-3,1,1,3,5,7,7,8,6,5,4,4,3,-3,-9,-13,-11,-6,-2,-13,8,DST1401*11,PPX120
20830,2014,1,12,-7,-11,-11,-10,-8,-8,-5,-1,-5,-8,-9,-9,-11,-14,-15,-12,-9,-10,-8,-10,-15,-11,-17,-19,-10,-19,-1,DST1401*12,PPX120
20831,2014,1,13,-19,-19,-23,-23,-22,-15,-11,-3,-2,0,1,-1,-4,-4,-5,-8,-5,-5,-6,-4,-7,-8,-8,-10,-9,-23,1,DST1401*13,PPX120
20832,2014,1,14,-14,-19,-17,-16,-12,-13,-12,-10,-12,-11,-6,-4,-7,-11,-13,-16,-12,-8,-6,-8,-12,-12,-9,-12,-11,-19,-4,DST1401*14,PPX120
20833,2014,1,15,-14,-14,-14,-15,-19,-20,-19,-17,-17,-16,-14,-11,-10,-7,-7,-7,-6,-5,-5,-5,-8,-10,-11,-12,-12,-20,-5,DST1401*15,PPX120
20834,2014,1,16,-12,-12,-10,-9,-7,-5,-5,-4,-3,-2,-2,-3,-5,-5,-5,-4,-2,0,1,2,2,1,0,-3,-4,-12,2,DST1401*16,PPX120
20835,2014,1,17,-4,-2,-1,-1,-2,-3,-2,1,3,3,3,1,0,0,-1,-1,4,7,6,1,-3,-6,-8,-9,-1,-9,7,DST1401*17,PPX120
20836,2014,1,18,-10,-11,-12,-11,-10,-8,-6,-6,-6,-6,-6,-4,-1,1,2,1,-1,-3,-1,3,9,10,11,9,-2,-12,11,DST1401*18,PPX120
20837,2014,1,19,10,12,11,8,5,5,7,8,6,5,6,8,9,9,10,10,9,8,7,4,-1,-4,-4,-2,6,-4,12,DST1401*19,PPX120
20838,2014,1,20,-3,-2,0,3,8,7,5,2,1,-3,-4,-5,-5,-5,-5,-3,-2,-2,-1,-2,-1,1,2,5,0,-5,8,DST1401*20,PPX120
20839,2014,1,21,4,3,8,8,8,8,3,-1,4,6,-3,-7,-2,0,9,14,10,-1,-2,0,-1,-13,-11,-9,1,-13,14,DST1401*21,PPX120
20840,2014,1,22,-8,-10,-11,-13,-14,-14,-15,-17,-20,-16,-11,-11,-14,-12,-13,-12,-7,-6,-4,-5,-7,-10,-9,-8,-11,-20,-4,DST1401*22,PPX120
20841,2014,1,23,-8,-10,-10,-9,-14,-16,-11,-9,-9,-7,-6,-3,-6,-11,-12,-7,-6,-4,-4,-5,-10,-14,-16,-18,-9,-18,-3,DST1401*23,PPX120
20842,2014,1,24,-17,-12,-13,-12,-12,-11,-6,-3,-4,-6,-6,-3,-3,0,0,0,1,3,2,2,2,2,-2,-3,-4,-17,3,DST1401*24,PPX120
20843,2014,1,25,-2,-5,-12,-18,-18,-16,-14,-13,-8,-5,-3,-2,0,-1,-7,-11,-13,-10,-5,-4,-6,-15,-20,-23,-10,-23,0,DST1401*25,PPX120
20844,2014,1,26,-22,-19,-20,-24,-26,-29,-29,-28,-27,-20,-14,-11,-11,-11,-10,-11,-10,-10,-9,-11,-11,-9,-5,-3,-16,-29,-3,DST1401*26,PPX120
20845,2014,1,27,-1,0,-4,-11,-16,-15,-12,-9,-9,-6,-1,-2,-5,-6,-5,-4,-2,-1,-1,-2,-5,-6,-6,-6,-6,-16,0,DST1401*27,PPX120
20846,2014,1,28,-3,-1,-3,-10,-13,-13,-8,-3,-2,-4,-7,-7,-8,-7,-4,-3,0,1,-3,-6,-11,-14,-14,-14,-7,-14,1,DST1401*28,PPX120
20847,2014,1,29,-11,-2,-4,-9,-15,-17,-17,-17,-15,-9,-4,-2,0,-3,-7,-11,-11,-9,-9,-9,-8,-9,-6,-7,-9,-17,0,DST1401*29,PPX120
20848,2014,1,30,-6,-4,-6,-14,-18,-14,-13,-15,-17,-14,-9,-6,-6,-6,-8,-10,-8,-6,-6,-7,-11,-8,-9,-10,-10,-18,-4,DST1401*30,PPX120
20849,2014,1,31,-8,-7,-9,-11,-11,-10,-8,-6,-5,-1,4,3,1,0,-2,-2,-1,2,3,4,0,-2,-3,-4,-3,-11,4,DST1401*31,PPX120
20850,2014,2,1,1,3,5,6,8,9,9,8,9,6,3,7,11,10,13,14,11,10,9,5,4,-1,-4,-1,6,-4,14,DST1402*01,PPX120
20851,2014,2,2,-2,-2,0,2,0,1,0,-1,0,-1,0,4,7,7,4,2,4,7,9,7,4,0,-2,-3,2,-3,9,DST1402*02,PPX120
20852,2014,2,3,5,9,11,12,9,5,6,10,9,9,5,7,9,7,3,1,-4,-1,4,5,5,2,-7,-10,5,-10,12,DST1402*03,PPX120
20853,2014,2,4,-8,-9,-3,2,6,8,7,8,8,7,4,2,2,1,1,2,-1,1,5,10,12,12,10,8,4,-9,12,DST1402*04,PPX120
20854,2014,2,5,8,5,7,6,12,15,13,11,12,12,6,6,8,5,4,5,7,10,13,14,16,15,9,1,9,1,16,DST1402*05,PPX120
20855,2014,2,6,0,-1,-1,2,0,-6,-11,-11,-12,-17,-26,-27,-25,-28,-29,-22,-25,-19,-15,-10,-9,-13,-16,-16,-14,-29,2,DST1402*06,PPX120
20856,2014,2,7,-18,-19,-18,-16,-12,-10,-12,-14,-15,-16,-17,-17,-14,-14,-12,-8,-10,10,8,10,9,14,7,-19,-8,-19,14,DST1402*07,PPX120
20857,2014,2,8,-24,8,18,19,11,-2,-6,-16,-25,-19,-18,-17,-14,-25,-26,-25,-25,-31,-30,-23,-19,-26,-29,-25,-15,-31,19,DST1402*08,PPX120
20858,2014,2,9,-29,-36,-32,-28,-23,-28,-34,-32,-30,-24,-21,-21,-18,-25,-25,-22,-25,-25,-27,-19,-24,-27,-28,-25,-26,-36,-18,DST1402*09,PPX120
20859,2014,2,10,-22,-22,-17,-17,-19,-22,-24,-24,-25,-26,-26,-24,-22,-21,-21,-20,-19,-17,-10,-11,-19,-18,-18,-20,-20,-26,-10,DST1402*10,PPX120
20860,2014,2,11,-18,-17,-15,-14,-12,-11,-14,-13,-10,-11,-14,-14,-11,-10,-10,-11,-9,-5,-4,-3,-10,-16,-20,-20,-12,-20,-3,DST1402*11,PPX120
20861,2014,2,12,-14,-12,-11,-11,-15,-17,-17,-14,-10,-13,-18,-17,-13,-11,-11,-11,-15,-14,-11,-8,-6,-5,-1,1,-11,-18,1,DST1402*12,PPX120
20862,2014,2,13,0,5,7,6,8,9,8,8,6,4,7,7,8,8,7,6,6,5,5,6,6,6,6,6,6,0,9,DST1402*13,PPX120
20863,2014,2,14,7,8,9,9,8,7,10,10,9,7,6,6,4,9,12,9,7,3,4,4,4,6,6,4,7,3,12,DST1402*14,PPX120
20864,2014,2,15,1,-4,-6,-3,2,6,6,5,4,-1,-3,3,12,27,28,33,35,38,42,42,46,47,41,31,18,-6,47,DST1402*15,PPX120
20865,2014,2,16,10,-10,-1,2,-7,-10,-7,-6,-6,-11,-20,-21,-15,-8,-10,-8,-19,-22,-20,-23,-26,-27,-24,-18,-13,-27,10,DST1402*16,PPX120
20866,2014,2,17,-18,-20,-21,-20,-15,-17,-19,-21,-20,-21,-24,-22,-18,-14,-14,-16,-18,-13,-9,-10,-10,-7,-12,-13,-16,-24,-7,DST1402*17,PPX120
20867,2014,2,18,-10,-10,-7,-7,-8,-8,-6,-2,-6,-6,-7,-5,1,3,3,1,-5,-14,-11,-16,-22,-30,-40,-49,-11,-49,3,DST1402*18,PPX120
20868,2014,2,19,-57,-59,-62,-56,-52,-72,-95,-106,-116,-94,-83,-73,-68,-55,-57,-55,-49,-46,-44,-41,-39,-40,-38,-43,-63,-116,-38,DST1402*19,PPX120
20869,2014,2,20,-45,-48,-49,-34,-48,-72,-78,-64,-61,-58,-74,-90,-91,-82,-63,-59,-60,-52,-42,-43,-41,-44,-46,-46,-58,-91,-34,DST1402*20,PPX120
20870,2014,2,21,-48,-52,-51,-45,-43,-44,-47,-48,-49,-49,-49,-49,-43,-41,-43,-44,-39,-36,-34,-35,-35,-35,-42,-53,-44,-53,-34,DST1402*21,PPX120
20871,2014,2,22,-58,-60,-50,-51,-48,-48,-49,-43,-39,-37,-33,-34,-28,-27,-25,-26,-25,-21,-20,-19,-16,-17,-23,-23,-34,-60,-16,DST1402*22,PPX120
20872,2014,2,23,-22,-23,-22,-21,-14,-6,-3,10,5,5,1,-11,-17,-15,-7,-19,-33,-37,-42,-49,-46,-40,-46,-51,-21,-51,10,DST1402*23,PPX120
20873,2014,2,24,-48,-44,-42,-42,-38,-35,-35,-35,-35,-33,-29,-29,-28,-29,-27,-26,-23,-18,-13,-9,-7,-7,-7,-8,-27,-48,-7,DST1402*24,PPX120
20874,2014,2,25,-9,-12,-13,-13,-13,-15,-16,-16,-13,-10,-10,-13,-15,-16,-15,-11,-8,-7,-8,-8,-8,-7,-9,-6,-11,-16,-6,DST1402*25,PPX120
20875,2014,2,26,-8,-9,-9,-6,-5,-3,-5,-5,-3,-1,-2,-2,-3,-4,-5,-4,-4,-2,-2,-2,1,4,7,4,-3,-9,7,DST1402*26,PPX120
20876,2014,2,27,3,4,2,-3,-5,-3,-3,-4,-2,0,1,-2,-9,-10,-13,-16,-11,-3,-13,-30,-59,-90,-92,-94,-19,-94,4,DST1402*27,PPX120
20877,2014,2,28,-89,-90,-86,-76,-71,-67,-66,-64,-66,-59,-53,-51,-53,-56,-55,-52,-50,-51,-44,-38,-34,-32,-32,-29,-57,-90,-29,DST1402*28,PPX120
20878,2014,3,1,-31,-29,-30,-30,-32,-37,-43,-48,-50,-47,-44,-41,-37,-35,-33,-31,-30,-27,-27,-26,-24,-20,-20,-20,-33,-50,-20,DST1403*01,PPX120
20879,2014,3,2,-24,-26,-27,-26,-25,-25,-23,-21,-23,-21,-22,-22,-20,-20,-20,-20,-20,-18,-15,-11,-7,-2,1,2,-18,-27,2,DST1403*02,PPX120
20880,2014,3,3,-2,-8,-15,-21,-24,-24,-22,-22,-24,-21,-19,-17,-20,-17,-15,-10,-8,-8,-7,-5,-3,-1,-2,-3,-13,-24,-1,DST1403*03,PPX120
20881,2014,3,4,-6,-10,-12,-10,-7,-2,0,0,-3,-6,-13,-14,-12,-12,-11,-11,-10,-7,-5,-3,-3,-2,-1,-5,-7,-14,0,DST1403*04,PPX120
20882,2014,3,5,-6,-8,-7,-6,-5,-3,-3,-4,-7,-7,-9,-8,-6,-2,-4,-4,-2,0,-2,-3,-9,-4,-2,-3,-5,-9,0,DST1403*05,PPX120
20883,2014,3,6,-3,-6,-5,-3,-2,-1,-2,-3,-4,-5,-9,-6,-4,-3,-7,-10,-13,-11,-10,-7,-5,-4,-1,-2,-5,-13,-1,DST1403*06,PPX120
20884,2014,3,7,-3,-5,-5,-4,-4,-4,-4,-3,-2,-3,-3,-1,0,0,0,-2,-3,-4,-4,-4,-4,-4,-5,-6,-3,-6,0,DST1403*07,PPX120
20885,2014,3,8,-8,-8,-7,-6,-4,-4,-2,-2,-4,-2,-2,-2,-2,-3,-3,-4,-3,-3,-4,-4,-3,1,0,-3,-3,-8,1,DST1403*08,PPX120
20886,2014,3,9,-2,-1,-2,0,0,0,-3,-4,-1,0,1,2,1,-1,-2,1,4,5,4,5,7,7,9,9,2,-4,9,DST1403*09,PPX120
20887,2014,3,10,8,7,7,7,10,13,14,14,11,7,-1,2,4,2,0,2,2,-1,-5,-6,-4,-2,0,2,4,-6,14,DST1403*10,PPX120
20888,2014,3,11,2,2,0,-1,1,2,4,5,2,3,4,4,6,4,3,2,2,1,-3,-5,-8,-6,-3,-2,1,-8,6,DST1403*11,PPX120
20889,2014,3,12,-3,-4,-5,-7,-6,-4,-4,-5,-6,-1,1,2,0,-2,-1,-1,-3,0,0,1,2,1,-3,-10,-2,-10,2,DST1403*12,PPX120
20890,2014,3,13,-9,-17,-29,-37,-39,-32,-31,-29,-22,-20,-19,-17,-16,-20,-18,-15,-11,-11,-9,-5,-10,-9,-4,-2,-18,-39,-2,DST1403*13,PPX120
20891,2014,3,14,-4,-8,-16,-17,-15,-13,-11,-8,-9,-8,-10,-12,-12,-13,-11,-11,-9,-9,-10,-9,-9,-4,-1,-4,-10,-17,-1,DST1403*14,PPX120
20892,2014,3,15,-7,-9,-11,-12,-11,-9,-7,-6,-4,-2,-4,0,4,5,4,5,4,4,1,-1,-5,-4,0,1,-3,-12,5,DST1403*15,PPX120
20893,2014,3,16,-1,-3,-4,-6,-8,-7,-5,-4,-4,-1,1,1,-2,-1,-1,1,0,0,1,-1,-1,-1,-1,0,-2,-8,1,DST1403*16,PPX120
20894,2014,3,17,3,5,7,7,7,7,8,9,8,9,6,3,6,8,10,9,7,7,8,10,7,3,-1,0,6,-1,10,DST1403*17,PPX120
20895,2014,3,18,-2,-1,0,1,1,-2,0,1,2,-4,-7,-9,-9,-11,-11,-9,-7,-3,-1,-1,1,3,6,5,-2,-11,6,DST1403*18,PPX120
20896,2014,3,19,1,1,-1,1,1,1,-1,0,-2,0,3,4,4,2,1,1,2,1,1,2,0,3,5,4,1,-2,5,DST1403*19,PPX120
20897,2014,3,20,0,0,0,1,2,4,9,14,11,6,5,7,18,22,22,21,21,17,17,13,12,18,19,13,11,0,22,DST1403*20,PPX120
20898,2014,3,21,6,2,-3,-9,-10,-10,-11,-13,-17,-16,-20,-14,-4,-4,-7,-5,-6,-7,-4,-3,-6,-6,-7,-3,-7,-20,6,DST1403*21,PPX120
20899,2014,3,22,1,6,-1,3,5,9,9,12,10,10,7,6,5,6,4,7,4,4,5,6,4,3,5,4,6,-1,12,DST1403*22,PPX120
20900,2014,3,23,0,-1,-1,1,1,0,4,5,3,0,-3,-5,-3,0,1,-1,-3,-3,-4,-9,-6,-5,-7,-7,-2,-9,5,DST1403*23,PPX120
20901,2014,3,24,-6,-6,-4,0,4,6,9,9,8,8,3,0,5,7,7,7,4,1,-2,0,2,1,1,-2,3,-6,9,DST1403*24,PPX120
20902,2014,3,25,-4,-5,-1,5,9,11,13,13,14,19,10,11,13,11,13,14,10,4,2,4,18,20,15,2,9,-5,20,DST1403*25,PPX120
20903,2014,3,26,-4,-12,-14,-9,-6,-6,-6,-13,-18,-8,-8,-13,-11,-6,-3,-2,-1,-3,-8,-11,-7,-2,-1,1,-7,-18,1,DST1403*26,PPX120
20904,2014,3,27,2,2,3,4,6,4,2,3,3,2,-7,-12,-12,-11,-14,-16,-16,-20,-22,-21,-15,-10,-9,-7,-7,-22,6,DST1403*27,PPX120
20905,2014,3,28,-7,-6,-5,-3,-1,0,-2,-1,1,-3,-13,-10,-11,-9,-6,-5,-6,-7,-6,-5,-9,-7,-7,-13,-6,-13,1,DST1403*28,PPX120
20906,2014,3,29,-15,-15,-17,-19,-17,-11,-8,-10,-6,-4,-5,-6,-7,-4,-3,-1,-2,-1,-2,-1,-1,-2,1,2,-6,-19,2,DST1403*29,PPX120
20907,2014,3,30,1,2,5,8,5,2,1,6,8,8,1,0,0,6,9,11,9,7,5,4,3,0,1,1,4,0,11,DST1403*30,PPX120
20908,2014,3,31,-1,-2,-2,0,3,6,9,8,5,4,2,-1,0,6,8,11,4,-6,-12,-7,-4,-3,-5,-8,1,-12,11,DST1403*31,PPX120
20909,2014,4,1,-7,-7,-5,-2,-1,1,1,-2,-1,0,1,5,9,11,14,9,3,1,-1,2,2,4,1,1,2,-7,14,DST1404*01,PPX120
20910,2014,4,2,2,4,6,8,9,7,6,5,4,1,1,5,8,7,9,8,5,3,5,5,3,2,2,1,5,1,9,DST1404*02,PPX120
20911,2014,4,3,-1,1,3,6,8,6,6,7,6,2,3,5,9,11,11,10,5,4,6,10,8,4,3,3,6,-1,11,DST1404*03,PPX120
20912,2014,4,4,4,6,8,10,10,10,8,5,2,5,5,8,6,9,10,10,8,7,7,8,7,7,6,6,7,2,10,DST1404*04,PPX120
20913,2014,4,5,7,4,7,11,10,8,6,9,10,1,-3,2,-9,-3,2,4,6,12,16,15,16,12,13,1,7,-9,16,DST1404*05,PPX120
20914,2014,4,6,-1,0,2,5,3,3,6,6,5,3,1,4,3,1,-1,-1,-2,-1,0,3,3,5,6,4,2,-2,6,DST1404*06,PPX120
20915,2014,4,7,-2,-5,-6,-6,-9,-9,-9,-6,-2,0,3,5,9,14,9,-5,-2,-4,-3,-7,-13,-14,-15,-16,-4,-16,14,DST1404*07,PPX120
20916,2014,4,8,-12,-9,-9,-6,-9,-8,-4,-3,-2,0,-2,0,-4,-11,-10,-6,-7,-10,-9,-10,-12,-9,-6,-4,-7,-12,0,DST1404*08,PPX120
20917,2014,4,9,-1,-1,0,0,-1,-1,-1,-5,-6,-7,-7,-5,-5,-5,-5,-5,-6,-7,-7,-11,-13,-9,-9,-7,-5,-13,0,DST1404*09,PPX120
20918,2014,4,10,-4,-3,-3,-1,-2,-2,-3,-7,-8,-5,-3,-4,-4,-1,1,0,0,0,0,-2,1,5,5,5,-1,-8,5,DST1404*10,PPX120
20919,2014,4,11,6,8,10,11,14,20,21,15,8,10,12,12,8,6,3,2,-1,-5,-11,-18,-25,-28,-34,-46,0,-46,21,DST1404*11,PPX120
20920,2014,4,12,-55,-47,-50,-52,-62,-72,-78,-76,-80,-81,-79,-75,-71,-57,-55,-53,-52,-52,-47,-44,-51,-49,-45,-43,-59,-81,-43,DST1404*12,PPX120
20921,2014,4,13,-38,-40,-44,-49,-53,-58,-54,-47,-46,-44,-35,-25,-27,-27,-29,-28,-25,-24,-28,-29,-30,-35,-39,-34,-37,-58,-24,DST1404*13,PPX120
20922,2014,4,14,-28,-25,-24,-22,-21,-19,-19,-19,-19,-16,-17,-15,-15,-14,-13,-13,-12,-13,-14,-19,-23,-23,-22,-23,-19,-28,-12,DST1404*14,PPX120
20923,2014,4,15,-18,-13,-12,-12,-14,-11,-13,-11,-10,-10,-9,-8,-8,-9,-7,-7,-7,-7,-9,-13,-16,-15,-14,-11,-11,-18,-7,DST1404*15,PPX120
20924,2014,4,16,-5,-2,-1,1,1,0,-1,-1,1,1,-2,-3,0,6,9,10,8,9,10,9,5,5,4,1,3,-5,10,DST1404*16,PPX120
20925,2014,4,17,2,3,-5,-7,-4,1,2,0,-1,0,1,8,9,9,-1,-10,-12,-10,-9,-7,-9,-6,-5,-7,-2,-12,9,DST1404*17,PPX120
20926,2014,4,18,-6,-5,-2,-1,-7,-7,-4,-5,-7,-7,-8,-1,3,7,5,9,13,17,17,14,10,9,9,3,2,-8,17,DST1404*18,PPX120
20927,2014,4,19,4,2,-2,7,12,-7,-14,-9,0,-7,-13,-6,-3,4,6,5,5,6,9,8,4,2,-5,-10,0,-14,12,DST1404*19,PPX120
20928,2014,4,20,-6,4,10,8,8,-1,-2,0,0,1,2,28,24,15,20,6,4,4,-1,3,11,5,-4,-10,5,-10,28,DST1404*20,PPX120
20929,2014,4,21,-10,-9,-16,-18,-18,-14,-14,-11,2,-9,-16,-10,-12,-20,-25,-23,-11,-11,-13,-6,-3,-8,-8,-10,-12,-25,2,DST1404*21,PPX120
20930,2014,4,22,-12,-15,-15,-16,-10,-8,-5,0,4,4,0,-5,-7,-6,-6,-7,-9,-8,-9,-10,-9,-7,-7,-6,-7,-16,4,DST1404*22,PPX120
20931,2014,4,23,-8,-6,-1,-1,0,0,3,2,2,2,0,-3,-4,-4,-3,-1,0,-3,-6,-12,-11,-5,-3,-4,-3,-12,3,DST1404*23,PPX120
20932,2014,4,24,-6,-3,3,9,4,1,1,-2,-12,-15,-11,-13,-12,-11,-14,-13,-14,-13,-12,-12,-11,-8,-12,-19,-8,-19,9,DST1404*24,PPX120
20933,2014,4,25,-17,-12,-9,-7,-9,-7,-5,-5,-6,-7,-5,-6,-11,-10,-8,-8,-9,-10,-10,-13,-17,-17,-18,-20,-10,-20,-5,DST1404*25,PPX120
20934,2014,4,26,-17,-14,-12,-12,-14,-14,-10,-9,-7,-6,-10,-13,-15,-14,-14,-13,-13,-15,-19,-19,-20,-17,-15,-11,-13,-20,-6,DST1404*26,PPX120
20935,2014,4,27,-7,-3,-3,-5,-5,-5,-2,-1,0,0,1,1,2,3,3,3,2,4,4,0,0,1,1,5,0,-7,5,DST1404*27,PPX120
20936,2014,4,28,8,11,9,3,-3,-7,-7,-11,-14,-12,-8,-6,-8,-9,-6,-4,-4,-3,-2,-3,-5,-6,-9,-7,-4,-14,11,DST1404*28,PPX120
20937,2014,4,29,-1,1,0,1,-1,-1,1,3,2,2,4,7,9,12,14,14,16,18,20,20,21,12,4,-2,7,-2,21,DST1404*29,PPX120
20938,2014,4,30,-10,-16,-19,-26,-34,-44,-54,-59,-60,-64,-63,-55,-52,-46,-47,-48,-47,-44,-42,-34,-37,-37,-33,-28,-42,-64,-10,DST1404*30,PPX120
20939,2014,5,1,-24,-22,-22,-20,-22,-21,-19,-17,-13,-12,-11,-8,-8,-9,-11,-9,-10,-12,-12,-13,-12,-10,-7,-7,-14,-24,-7,DST1405*01,PPX120
20940,2014,5,2,-10,-8,-12,-13,-12,-9,-7,-6,-6,-4,-2,1,1,-2,-4,-7,-7,-6,-2,0,0,2,2,4,-4,-13,4,DST1405*02,PPX120
20941,2014,5,3,0,0,0,3,7,10,11,9,7,8,11,14,13,11,8,8,9,10,12,3,-1,-11,-19,-23,4,-23,14,DST1405*03,PPX120
20942,2014,5,4,-29,-31,-30,-28,-33,-37,-41,-39,-44,-44,-32,-27,-22,-31,-31,-28,-29,-33,-29,-20,-16,-17,-13,-10,-29,-44,-10,DST1405*04,PPX120
20943,2014,5,5,-10,-9,-11,-7,-15,-25,-21,-16,-19,-16,-9,-8,-12,-11,-12,-20,-29,-32,-26,-21,-16,-14,-9,-9,-16,-32,-7,DST1405*05,PPX120
20944,2014,5,6,-11,-10,-12,-11,-9,-10,-9,-7,-7,-6,-5,-5,-4,-3,-5,-7,-7,-5,-5,-5,-3,-2,-1,1,-6,-12,1,DST1405*06,PPX120
20945,2014,5,7,1,0,-1,0,1,0,-1,-1,-1,-3,-3,-1,-2,-4,-6,-6,-5,-4,-4,-4,-4,-5,1,4,-2,-6,4,DST1405*07,PPX120
20946,2014,5,8,0,-3,-7,-11,-17,-20,-28,-38,-44,-37,-26,-13,-17,-21,-26,-28,-35,-36,-33,-24,-30,-36,-38,-31,-25,-44,0,DST1405*08,PPX120
20947,2014,5,9,-33,-36,-36,-33,-34,-33,-28,-30,-24,-20,-17,-15,-14,-13,-10,-10,-12,-14,-12,-9,-9,-10,-5,-3,-19,-36,-3,DST1405*09,PPX120
20948,2014,5,10,-4,-4,-6,-7,-8,-14,-11,-11,-18,-19,-14,-9,-10,-11,-13,-13,-13,-14,-15,-22,-29,-31,-22,-18,-14,-31,-4,DST1405*10,PPX120
20949,2014,5,11,-24,-30,-26,-25,-23,-22,-14,-10,-12,-15,-20,-17,-15,-14,-16,-19,-19,-21,-22,-24,-25,-27,-20,-13,-20,-30,-10,DST1405*11,PPX120
20950,2014,5,12,-12,-14,-14,-16,-16,-15,-15,-15,-17,-18,-17,-17,-17,-15,-14,-14,-14,-11,-9,-12,-13,-12,-8,-5,-14,-18,-5,DST1405*12,PPX120
20951,2014,5,13,-4,-1,-3,-4,-3,0,1,0,-1,-3,-1,-2,-1,2,4,5,4,2,6,7,6,4,5,7,1,-4,7,DST1405*13,PPX120
20952,2014,5,14,6,8,4,5,5,6,7,8,7,6,6,6,3,-1,-3,-3,-4,-2,2,4,3,1,3,8,4,-4,8,DST1405*14,PPX120
20953,2014,5,15,5,3,1,4,7,7,6,6,5,3,4,7,7,6,8,10,12,9,9,8,8,10,12,10,7,1,12,DST1405*15,PPX120
20954,2014,5,16,6,5,2,-1,-5,-3,2,5,7,8,12,12,10,10,10,9,6,4,2,-1,-3,-4,-2,0,4,-5,12,DST1405*16,PPX120
20955,2014,5,17,1,3,2,-2,-2,0,0,0,-2,-3,-4,-4,-7,-7,-7,-4,0,2,3,7,9,8,6,3,0,-7,9,DST1405*17,PPX120
20956,2014,5,18,1,-1,1,3,-2,-1,4,5,6,6,8,7,6,6,4,2,1,-1,1,3,5,4,2,1,3,-2,8,DST1405*18,PPX120
20957,2014,5,19,2,3,1,-1,1,3,7,9,10,9,9,7,3,0,-2,-1,1,2,2,6,5,3,2,4,4,-2,10,DST1405*19,PPX120
20958,2014,5,20,4,3,0,1,0,2,2,0,-3,-3,-1,2,-2,-4,-1,0,0,1,4,5,5,5,6,6,1,-4,6,DST1405*20,PPX120
20959,2014,5,21,5,4,3,3,4,5,4,6,8,8,9,7,7,6,8,11,12,14,14,14,14,17,17,17,9,3,17,DST1405*21,PPX120
20960,2014,5,22,14,15,14,14,15,10,6,7,7,8,11,12,9,6,5,1,-1,-4,-11,-15,-16,-10,-6,-2,4,-16,15,DST1405*22,PPX120
20961,2014,5,23,-11,-12,-21,-24,-18,-15,-11,-7,-1,-1,0,3,-1,-5,-5,-4,-7,-15,-17,-24,-29,-38,-20,-23,-13,-38,3,DST1405*23,PPX120
20962,2014,5,24,-21,-19,-24,-23,-23,-20,-20,-16,-14,-11,-9,-8,-10,-11,-16,-18,-19,-20,-20,-19,-20,-21,-16,-14,-17,-24,-8,DST1405*24,PPX120
20963,2014,5,25,-10,-10,-14,-14,-13,-12,-11,-9,-5,-3,-4,-5,-9,-12,-14,-13,-11,-8,-7,-5,-6,-7,-6,-5,-9,-14,-3,DST1405*25,PPX120
20964,2014,5,26,-6,-4,-6,-6,-6,-9,-7,-6,-6,-4,-6,-4,-4,-5,-5,-6,-7,-6,-5,-7,-9,-11,-10,-6,-6,-11,-4,DST1405*26,PPX120
20965,2014,5,27,-4,-5,-5,-4,-3,-2,1,3,2,2,3,5,3,4,7,10,11,10,10,8,7,5,9,15,4,-5,15,DST1405*27,PPX120
20966,2014,5,28,18,13,4,1,-2,0,1,4,4,4,4,4,1,0,0,-1,-3,-5,-5,-3,-3,-1,3,3,2,-5,18,DST1405*28,PPX120
20967,2014,5,29,4,8,5,2,-1,0,3,6,3,0,-6,-14,-17,-17,-16,-14,-12,-10,-9,-10,-9,-7,-7,-7,-5,-17,8,DST1405*29,PPX120
20968,2014,5,30,-8,-7,-6,-4,0,0,-2,-1,1,6,11,17,8,8,3,-2,-6,-10,-17,-29,-23,-15,-10,-10,-4,-29,17,DST1405*30,PPX120
20969,2014,5,31,-6,-5,-4,1,5,10,7,5,4,4,6,8,12,12,13,13,12,9,7,10,10,9,11,15,7,-6,15,DST1405*31,PPX120
20970,2014,6,1,12,11,9,9,11,12,12,11,14,10,6,8,10,11,12,11,9,10,12,14,12,10,9,6,10,6,14,DST1406*01,PPX120
20971,2014,6,2,6,6,7,9,7,9,8,7,7,10,10,10,10,11,12,7,6,9,13,14,15,13,9,6,9,6,15,DST1406*02,PPX120
20972,2014,6,3,-1,-5,-8,1,9,7,3,1,0,2,4,7,8,8,6,5,4,7,10,14,13,10,9,8,5,-8,14,DST1406*03,PPX120
20973,2014,6,4,7,8,7,5,4,4,2,-1,-3,-2,0,2,6,8,7,2,-1,3,2,-2,-2,-3,-2,-5,2,-5,8,DST1406*04,PPX120
20974,2014,6,5,-5,-3,-5,-9,-8,-3,1,-1,-1,0,1,1,-2,0,2,1,2,4,4,2,0,-4,-4,-7,-1,-9,4,DST1406*05,PPX120
20975,2014,6,6,-11,-16,-15,-17,-15,-9,-7,-7,-6,-4,-1,-1,-1,0,-1,0,7,9,5,2,3,5,8,9,-3,-17,9,DST1406*06,PPX120
20976,2014,6,7,10,8,3,4,4,3,2,4,-3,-9,-11,-7,-3,-1,-4,-5,-3,18,23,30,14,8,12,4,4,-11,30,DST1406*07,PPX120
20977,2014,6,8,-1,-4,18,16,9,-12,-35,-26,-9,-7,-22,-35,-32,-33,-30,-32,-24,-21,-24,-25,-29,-36,-37,-38,-20,-38,18,DST1406*08,PPX120
20978,2014,6,9,-35,-32,-32,-30,-23,-19,-18,-22,-24,-23,-25,-23,-22,-23,-24,-25,-25,-23,-23,-21,-21,-18,-14,-10,-23,-35,-10,DST1406*09,PPX120
20979,2014,6,10,-8,-10,-12,-15,-15,-13,-10,-10,-11,-9,-8,1,4,5,4,6,3,2,-1,-1,-4,-10,-9,-8,-5,-15,6,DST1406*10,PPX120
20980,2014,6,11,0,4,6,5,2,3,1,3,4,0,-1,3,4,5,2,-1,-1,0,0,-4,-8,-8,-6,-8,0,-8,6,DST1406*11,PPX120
20981,2014,6,12,-6,-6,-7,-8,-7,-7,-7,-7,-8,-7,-7,-7,-6,-3,0,0,0,1,2,1,1,-1,2,3,-4,-8,3,DST1406*12,PPX120
20982,2014,6,13,3,2,3,5,9,10,10,9,8,7,10,14,20,24,23,23,20,17,17,16,14,12,8,5,12,2,24,DST1406*13,PPX120
20983,2014,6,14,1,2,2,5,10,4,1,1,-5,-6,-2,-1,-2,-2,0,-1,0,-1,-5,-4,0,-1,-5,-3,-1,-6,10,DST1406*14,PPX120
20984,2014,6,15,-2,-4,-3,-3,-2,-1,0,1,0,0,-1,0,1,1,0,3,3,4,5,7,7,8,5,1,1,-4,8,DST1406*15,PPX120
20985,2014,6,16,2,2,3,4,4,5,7,4,3,5,6,7,6,5,5,3,1,-2,-2,1,-1,1,-1,-7,3,-7,7,DST1406*16,PPX120
20986,2014,6,17,-8,-10,-6,-3,0,-1,-3,-9,-15,-9,-4,1,5,9,9,9,10,9,8,11,5,-7,-13,-14,-1,-15,11,DST1406*17,PPX120
20987,2014,6,18,-23,-26,-26,-24,-18,-15,-17,-20,-22,-25,-22,-19,-16,-13,-13,-16,-22,-27,-24,-20,-13,-16,-33,-26,-21,-33,-13,DST1406*18,PPX120
20988,2014,6,19,-15,-9,-11,-19,-14,-14,-12,-13,-18,-16,-13,-15,-15,-16,-15,-14,-15,-16,-14,-13,-15,-13,-13,-14,-14,-19,-9,DST1406*19,PPX120
20989,2014,6,20,-14,-13,-12,-10,-9,-8,-9,-6,-7,-7,-5,-1,2,2,7,4,6,6,8,9,5,2,-3,-4,-2,-14,9,DST1406*20,PPX120
20990,2014,6,21,-1,3,7,7,4,2,0,-9,-17,-23,-21,-17,-18,-15,-15,-14,-13,-10,-9,-10,-13,-13,-11,-6,-9,-23,7,DST1406*21,PPX120
20991,2014,6,22,-4,-5,-6,-6,-8,-8,-7,-5,-5,-5,-4,-4,-5,-7,-8,-9,-9,-10,-9,-9,-14,-14,-12,-12,-8,-14,-4,DST1406*22,PPX120
20992,2014,6,23,-9,-3,0,0,0,-1,-2,-5,-5,-4,-3,-3,-2,1,3,3,3,1,2,2,3,2,0,10,0,-9,10,DST1406*23,PPX120
20993,2014,6,24,9,13,14,9,1,-1,-5,-5,-5,-4,-3,-1,-1,1,1,-1,0,0,3,9,7,3,0,-4,2,-5,14,DST1406*24,PPX120
20994,2014,6,25,-2,-1,0,1,5,6,3,-2,-9,-5,-1,9,15,16,19,15,11,8,17,20,16,3,2,0,6,-9,20,DST1406*25,PPX120
20995,2014,6,26,0,2,3,8,11,14,11,7,5,3,0,1,-1,-3,-5,-7,-3,1,1,-1,-1,0,1,-1,2,-7,14,DST1406*26,PPX120
20996,2014,6,27,-3,1,3,5,4,3,1,1,1,3,5,4,4,4,4,3,3,2,3,3,6,7,6,5,3,-3,7,DST1406*27,PPX120
20997,2014,6,28,5,4,8,12,9,7,5,7,9,8,9,6,4,2,-1,-4,-4,1,6,7,-1,-5,-1,-2,4,-5,12,DST1406*28,PPX120
20998,2014,6,29,0,0,-1,5,9,6,3,1,3,2,2,2,3,5,6,4,5,8,12,19,16,15,13,8,6,-1,19,DST1406*29,PPX120
20999,2014,6,30,-4,-7,-2,0,4,5,6,5,4,6,10,12,9,9,7,6,2,0,4,7,7,6,1,-4,4,-7,12,DST1406*30,PPX120
21000,2014,7,1,-8,-4,-2,-3,-4,-3,-1,-1,-2,-5,-4,-1,1,3,6,5,6,6,3,-1,-3,-2,-2,1,-1,-8,6,DST1407*01,PPX120
21001,2014,7,2,5,8,8,9,10,6,6,7,6,6,5,5,3,5,9,10,10,7,5,5,7,7,8,10,7,3,10,DST1407*02,PPX120
21002,2014,7,3,15,28,26,20,10,-3,-7,-15,-16,-12,-16,-17,-21,-20,-16,-14,-13,-13,-12,-14,-14,-10,-4,-4,-6,-21,28,DST1407*03,PPX120
21003,2014,7,4,-4,-4,-6,-7,-5,-4,-5,-7,-10,-13,-8,-5,-7,-8,-7,-5,-3,-2,-1,0,2,3,2,1,-4,-13,3,DST1407*04,PPX120
21004,2014,7,5,0,3,1,0,-1,0,1,1,1,-1,-2,-2,-1,2,5,8,9,12,11,7,4,3,5,4,3,-2,12,DST1407*05,PPX120
21005,2014,7,6,3,2,0,0,3,3,3,3,3,2,1,9,7,7,10,13,12,13,14,13,13,12,11,6,7,0,14,DST1407*06,PPX120
21006,2014,7,7,7,8,7,6,3,0,1,1,2,2,3,2,-1,-6,-3,1,2,2,3,4,5,3,1,2,2,-6,8,DST1407*07,PPX120
21007,2014,7,8,6,7,3,0,3,3,4,2,-4,-2,3,6,5,4,5,9,14,13,9,3,-3,-6,-3,-7,3,-7,14,DST1407*08,PPX120
21008,2014,7,9,-6,-2,0,-2,-2,-4,-1,3,4,-1,-5,-7,-13,-13,-7,-2,3,6,4,3,0,-5,-8,-12,-3,-13,6,DST1407*09,PPX120
21009,2014,7,10,-12,-19,-24,-29,-24,-22,-19,-16,-13,-12,-11,-12,-13,-14,-16,-17,-12,-5,-4,-6,-8,-9,-11,-11,-14,-29,-4,DST1407*10,PPX120
21010,2014,7,11,-10,-12,-13,-14,-12,-8,-8,-9,-10,-12,-11,-13,-16,-17,-17,-14,-12,-10,-10,-10,-9,-10,-10,-8,-11,-17,-8,DST1407*11,PPX120
21011,2014,7,12,-2,3,2,-1,-10,-16,-13,-11,-16,-21,-23,-26,-32,-33,-28,-26,-23,-21,-20,-14,-9,-11,-15,-16,-16,-33,3,DST1407*12,PPX120
21012,2014,7,13,-14,-12,-10,-7,-10,-14,-11,-10,-6,-2,-1,-3,-6,-8,-6,-5,-3,-1,0,-1,-1,3,0,-3,-5,-14,3,DST1407*13,PPX120
21013,2014,7,14,-3,2,5,1,-2,-1,2,5,9,12,19,24,26,27,32,42,34,27,25,19,9,4,3,8,14,-3,42,DST1407*14,PPX120
21014,2014,7,15,12,16,16,15,12,12,8,2,-5,-7,-6,-8,-7,-11,-9,-11,-14,-13,-12,-11,-8,-7,-7,-9,-2,-14,16,DST1407*15,PPX120
21015,2014,7,16,-7,-6,-7,-7,-4,-4,-9,-10,-8,-6,-4,-4,-6,-6,-3,-1,-2,0,-1,-1,1,0,-2,-1,-4,-10,1,DST1407*16,PPX120
21016,2014,7,17,2,4,3,2,1,0,2,0,-1,-1,0,-1,-4,-3,-3,-4,-3,-2,-1,-2,-1,0,-1,-3,-1,-4,4,DST1407*17,PPX120
21017,2014,7,18,-7,-7,-7,-6,-5,-4,-5,-5,-3,-3,-3,-2,-2,-4,-4,-2,0,0,-2,-4,-6,-6,-4,-3,-4,-7,0,DST1407*18,PPX120
21018,2014,7,19,-1,-1,0,0,-1,-1,-1,-2,-1,-1,-1,0,-1,-2,-3,-3,-4,-4,-2,0,3,4,2,3,-1,-4,4,DST1407*19,PPX120
21019,2014,7,20,6,8,8,5,2,1,2,3,4,3,4,4,6,9,7,4,2,1,4,7,8,7,7,7,5,1,9,DST1407*20,PPX120
21020,2014,7,21,6,4,2,1,3,5,6,8,9,10,8,3,-1,-4,-3,-1,-1,1,0,-3,-2,-1,-4,-9,2,-9,10,DST1407*21,PPX120
21021,2014,7,22,-11,-10,-9,-4,-4,-3,-4,-4,-3,-2,-1,-2,-2,-1,-1,-2,-2,-4,-5,-6,-9,-10,-8,-4,-5,-11,-1,DST1407*22,PPX120
21022,2014,7,23,2,4,3,0,-1,-2,-1,-1,-1,-3,-2,0,2,5,10,12,10,8,5,1,4,4,1,-3,2,-3,12,DST1407*23,PPX120
21023,2014,7,24,-4,1,5,4,7,4,3,2,2,-3,-4,-3,-4,-8,-7,-6,-6,-4,-3,-1,2,6,9,10,0,-8,10,DST1407*24,PPX120
21024,2014,7,25,7,1,-2,1,4,1,-2,-5,-9,-13,-12,-9,-7,-6,-5,-3,0,0,1,-1,-4,-4,-4,-5,-3,-13,7,DST1407*25,PPX120
21025,2014,7,26,-2,1,1,-2,-1,-6,-9,-14,-23,-22,-21,-19,-17,-14,-13,-12,-13,-14,-13,-10,-10,-13,-13,-13,-11,-23,1,DST1407*26,PPX120
21026,2014,7,27,-14,-12,-9,-6,-7,-9,-8,-8,-8,-10,-8,-4,0,2,3,2,2,5,8,6,2,-2,-1,2,-3,-14,8,DST1407*27,PPX120
21027,2014,7,28,7,9,14,11,12,8,8,-2,-12,-8,-4,-1,2,5,9,8,3,5,5,-1,-10,-15,-17,-20,1,-20,14,DST1407*28,PPX120
21028,2014,7,29,-20,-16,-11,-7,0,1,1,-1,-3,-3,-4,-5,-7,-8,-5,-3,0,0,3,6,4,2,2,0,-3,-20,6,DST1407*29,PPX120
21029,2014,7,30,-3,-4,0,4,3,-2,-3,-4,-5,-7,-10,-8,-5,-3,0,-1,0,2,3,2,1,0,-1,-3,-2,-10,4,DST1407*30,PPX120
21030,2014,7,31,-4,-4,-1,2,3,2,1,3,5,6,6,8,7,5,5,2,3,3,2,2,3,-1,-4,-4,2,-4,8,DST1407*31,PPX120
21031,2014,8,1,-1,-6,-7,-4,-1,6,11,10,7,3,-2,-5,4,9,11,9,9,11,11,4,-3,0,-3,-3,3,-7,11,DST1408*01,PPX120
21032,2014,8,2,-8,-14,-14,-16,-17,-18,-18,-18,-11,-9,-13,-13,-11,-13,-16,-15,-13,-12,-8,-6,-6,-6,-5,-6,-12,-18,-5,DST1408*02,PPX120
21033,2014,8,3,-6,-6,-8,-13,-13,-9,-4,-3,-4,-5,-7,-4,3,6,5,5,4,1,-1,-4,-7,-10,-10,-4,-4,-13,6,DST1408*03,PPX120
21034,2014,8,4,-4,-5,-4,-10,-15,-17,-13,-10,-12,-18,-25,-22,-14,-12,-12,-14,-15,-17,-12,-11,-18,-15,-10,-7,-13,-25,-4,DST1408*04,PPX120
21035,2014,8,5,-9,-16,-14,-15,-14,-18,-21,-17,-12,-11,-13,-19,-21,-21,-20,-18,-18,-16,-21,-25,-25,-21,-16,-12,-17,-25,-9,DST1408*05,PPX120
21036,2014,8,6,-10,-13,-14,-21,-27,-31,-28,-26,-21,-21,-21,-22,-23,-22,-21,-18,-19,-17,-17,-17,-15,-10,-4,0,-18,-31,0,DST1408*06,PPX120
21037,2014,8,7,1,0,-5,-10,-12,-11,-10,-12,-12,-13,-11,-13,-12,-10,-5,-1,0,-4,-8,-13,-13,-8,-5,-5,-8,-13,1,DST1408*07,PPX120
21038,2014,8,8,-11,-17,-20,-16,-14,-16,-21,-25,-23,-19,-16,-11,-6,-5,-6,-5,-4,-4,-5,-7,-8,-7,-5,-5,-12,-25,-4,DST1408*08,PPX120
21039,2014,8,9,-8,-11,-12,-13,-16,-14,-12,-11,-8,-6,-3,0,2,1,0,0,-3,-2,-2,-3,-3,-2,2,5,-5,-16,5,DST1408*09,PPX120
21040,2014,8,10,6,4,2,1,0,1,2,1,1,5,6,2,-1,-5,-10,-11,-8,-7,-8,-7,-9,-4,5,13,-1,-11,13,DST1408*10,PPX120
21041,2014,8,11,12,9,3,-1,-1,1,7,11,9,9,12,13,12,10,8,2,-6,-5,-2,-2,-3,-2,1,-3,4,-6,13,DST1408*11,PPX120
21042,2014,8,12,-9,-13,-15,-16,-11,-5,-3,-1,1,-1,1,2,2,1,-3,-5,-5,-10,-16,-11,-16,-10,-8,-10,-7,-16,2,DST1408*12,PPX120
21043,2014,8,13,-16,-17,-15,-17,-13,-12,-12,-12,-16,-15,-13,-7,-3,-5,-10,-11,-10,-7,-5,-5,-9,-7,-3,0,-10,-17,0,DST1408*13,PPX120
21044,2014,8,14,-5,-9,-13,-15,-11,-10,-9,-6,-7,-5,-6,-4,0,-4,-8,-10,-9,-6,-6,-4,-2,-1,2,7,-6,-15,7,DST1408*14,PPX120
21045,2014,8,15,4,-1,-4,-9,-6,-3,-2,0,1,1,1,0,-2,-2,-7,-10,-9,-6,-4,-3,-2,-2,-2,-2,-3,-10,4,DST1408*15,PPX120
21046,2014,8,16,-4,-7,-11,-12,-9,-5,-3,-1,0,1,2,4,5,5,4,4,4,3,1,-1,-3,-1,3,5,-1,-12,5,DST1408*16,PPX120
21047,2014,8,17,7,3,-1,-2,1,5,11,13,15,15,15,18,28,17,17,19,19,20,18,18,17,16,12,13,13,-2,28,DST1408*17,PPX120
21048,2014,8,18,6,3,0,-2,1,1,2,0,2,3,4,6,7,3,0,0,0,-2,-4,-4,-4,-1,-1,0,1,-4,7,DST1408*18,PPX120
21049,2014,8,19,-1,-3,-4,-5,-4,-3,-1,7,5,3,4,11,13,10,9,11,15,17,4,-6,-9,-14,-13,-13,1,-14,17,DST1408*19,PPX120
21050,2014,8,20,-11,-9,-14,-14,-11,-11,-4,-2,-1,0,-2,1,-1,-2,-8,-10,-12,-9,-10,-8,-2,-4,-6,-6,-7,-14,1,DST1408*20,PPX120
21051,2014,8,21,-12,-24,-28,-31,-30,-31,-32,-32,-29,-21,-20,-21,-21,-23,-26,-27,-28,-30,-30,-29,-28,-25,-20,-15,-26,-32,-12,DST1408*21,PPX120
21052,2014,8,22,-16,-20,-20,-19,-17,-13,-12,-10,-9,-8,-10,-9,-9,-9,-10,-11,-10,-9,-9,-8,-8,-7,-7,-5,-11,-20,-5,DST1408*22,PPX120
21053,2014,8,23,-3,-4,-7,-10,-8,-10,-8,-8,-6,-4,-1,1,3,4,-1,-1,-1,-2,-2,-2,-4,-1,2,4,-3,-10,4,DST1408*23,PPX120
21054,2014,8,24,6,6,4,0,0,-1,-4,-6,-7,-7,-4,-5,-6,-6,-3,-3,1,1,-1,0,2,2,1,-1,-1,-7,6,DST1408*24,PPX120
21055,2014,8,25,-4,-3,3,6,9,7,6,8,8,8,6,5,3,-2,-3,-3,-2,-1,0,2,4,5,3,1,3,-4,9,DST1408*25,PPX120
21056,2014,8,26,0,-1,-2,-1,2,3,4,6,7,7,8,5,5,11,12,13,10,8,10,11,9,6,5,6,6,-2,13,DST1408*26,PPX120
21057,2014,8,27,8,7,7,8,-3,-15,-22,-30,-39,-50,-59,-64,-59,-56,-63,-72,-77,-74,-80,-79,-79,-74,-66,-54,-45,-80,8,DST1408*27,PPX120
21058,2014,8,28,-50,-50,-52,-50,-56,-59,-65,-61,-52,-46,-41,-42,-42,-43,-39,-42,-53,-55,-53,-45,-42,-40,-35,-28,-48,-65,-28,DST1408*28,PPX120
21059,2014,8,29,-27,-31,-37,-34,-36,-40,-43,-39,-32,-27,-33,-37,-27,-22,-26,-25,-27,-23,-18,-26,-37,-32,-25,-33,-31,-43,-18,DST1408*29,PPX120
21060,2014,8,30,-41,-44,-44,-43,-42,-34,-29,-23,-22,-23,-23,-24,-22,-20,-19,-18,-16,-18,-22,-26,-24,-16,-13,-14,-26,-44,-13,DST1408*30,PPX120
21061,2014,8,31,-19,-24,-27,-26,-23,-24,-19,-16,-14,-14,-23,-28,-29,-25,-22,-22,-21,-24,-22,-24,-27,-24,-28,-33,-23,-33,-14,DST1408*31,PPX120
21062,2014,9,1,-17,-16,-21,-19,-14,-10,-8,-10,-12,-9,-7,-5,-6,-9,-9,-12,-11,-7,-9,-6,-5,-1,-1,-5,-10,-21,-1,DST1409*01,PPX120
21063,2014,9,2,-6,-4,1,1,2,1,-2,3,3,1,1,-5,-4,-2,-5,-10,-10,-9,-7,-2,-4,-8,-8,-8,-3,-10,3,DST1409*02,PPX120
21064,2014,9,3,-7,-5,-3,-5,-5,-7,-7,-5,-4,-4,-5,-2,0,2,4,1,-3,-2,-1,0,1,-1,-2,-3,-3,-7,4,DST1409*03,PPX120
21065,2014,9,4,-3,-4,-2,-3,-7,-10,-13,-11,-6,-4,-3,-6,-4,-1,-1,-2,-1,0,-1,0,-1,-2,-2,-1,-4,-13,0,DST1409*04,PPX120
21066,2014,9,5,7,11,13,12,8,6,2,2,2,3,5,1,-1,-1,3,1,-5,-8,-8,-5,-1,1,1,3,2,-8,13,DST1409*05,PPX120
21067,2014,9,6,5,8,10,12,17,18,11,1,4,10,15,13,10,7,18,16,8,11,15,14,17,6,0,-5,10,-5,18,DST1409*06,PPX120
21068,2014,9,7,-3,-8,-12,-11,-12,-6,4,7,4,3,2,-1,-5,-4,-2,-4,-5,-5,-2,0,6,6,5,7,-2,-12,7,DST1409*07,PPX120
21069,2014,9,8,7,9,10,11,10,12,12,5,6,10,11,11,7,4,3,0,2,5,4,4,6,4,5,8,7,0,12,DST1409*08,PPX120
21070,2014,9,9,9,10,9,9,8,6,5,5,6,7,9,10,7,8,11,9,12,15,14,16,16,10,4,3,9,3,16,DST1409*09,PPX120
21071,2014,9,10,5,8,11,16,19,20,21,20,14,13,11,11,9,9,13,15,17,17,19,19,17,13,16,16,15,5,21,DST1409*10,PPX120
21072,2014,9,11,8,9,7,1,2,0,1,1,0,-3,-7,-7,-3,1,2,0,-2,0,3,3,2,2,5,12,2,-7,12,DST1409*11,PPX120
21073,2014,9,12,30,8,-16,-10,-7,-4,-4,0,3,-3,-8,-7,-7,-2,3,4,32,21,19,30,24,-7,-53,-75,-1,-75,32,DST1409*12,PPX120
21074,2014,9,13,-49,-44,-47,-51,-45,-39,-19,-15,-30,-27,-28,-29,-31,-23,-18,-20,-13,-15,-12,-6,-9,-18,-26,-27,-27,-51,-6,DST1409*13,PPX120
21075,2014,9,14,-26,-26,-24,-22,-20,-20,-17,-16,-16,-19,-20,-18,-15,-14,-11,-10,-13,-15,-16,-14,-12,-9,-7,-8,-16,-26,-7,DST1409*14,PPX120
21076,2014,9,15,-8,-10,-11,-10,-8,-5,-2,1,-1,-3,-4,-4,-2,2,5,5,2,0,0,0,-1,0,1,-1,-2,-11,5,DST1409*15,PPX120
21077,2014,9,16,1,3,5,8,12,7,4,7,9,7,4,3,3,5,6,4,6,6,10,11,9,5,3,-1,6,-1,12,DST1409*16,PPX120
21078,2014,9,17,-7,-8,-4,0,2,4,3,4,5,5,9,11,10,8,8,16,17,15,16,17,12,17,16,17,8,-8,17,DST1409*17,PPX120
21079,2014,9,18,21,24,24,23,22,19,22,21,22,19,15,15,18,23,25,22,21,17,10,6,-2,-4,-1,-6,16,-6,25,DST1409*18,PPX120
21080,2014,9,19,-13,-22,-21,-17,-21,-18,-9,4,-8,-6,-7,-4,-4,1,0,-4,-2,-11,-15,-9,-8,-10,-10,-10,-9,-22,4,DST1409*19,PPX120
21081,2014,9,20,-9,-6,-3,-2,-4,-4,-4,-4,-4,-1,-2,-3,-2,0,-3,-5,-5,-1,2,3,4,2,0,-2,-2,-9,4,DST1409*20,PPX120
21082,2014,9,21,-3,2,4,3,1,-2,-4,-3,-1,2,4,5,6,7,4,1,1,3,5,6,6,3,1,1,2,-4,7,DST1409*21,PPX120
21083,2014,9,22,3,6,7,2,-1,-5,-9,-6,-3,-1,-7,-12,-11,-10,-10,-12,-12,-15,-15,-8,-4,-3,-1,0,-5,-15,7,DST1409*22,PPX120
21084,2014,9,23,2,3,3,7,11,8,2,2,6,5,-1,-4,-12,-9,-6,-1,-1,-4,-8,-16,-11,-4,2,-5,-1,-16,11,DST1409*23,PPX120
21085,2014,9,24,-18,-24,-27,-21,-22,-23,-21,-19,-20,-17,-14,-10,-5,-9,-8,-9,-14,-7,-10,-19,-21,-23,-15,-20,-17,-27,-5,DST1409*24,PPX120
21086,2014,9,25,-15,-12,-13,-15,-13,-10,-4,-3,-6,-11,-6,-2,3,5,5,4,0,-2,0,-3,2,3,1,-6,-4,-15,5,DST1409*25,PPX120
21087,2014,9,26,-8,-9,-4,-4,-5,-5,-2,-3,-1,-2,-9,-20,-14,-8,-15,-24,-25,-25,-20,-16,-18,-22,-22,-19,-13,-25,-1,DST1409*26,PPX120
21088,2014,9,27,-14,-16,-22,-21,-19,-23,-19,-20,-16,-12,-13,-14,-15,-10,-11,-15,-17,-17,-16,-16,-13,-9,-4,-4,-15,-23,-4,DST1409*27,PPX120
21089,2014,9,28,-4,-7,-5,-6,-4,-4,-2,-5,-7,-4,2,-8,-14,-11,-11,-12,-14,-17,-19,-14,-8,-6,-5,-6,-8,-19,2,DST1409*28,PPX120
21090,2014,9,29,-8,-8,-6,-2,3,4,3,-2,-5,1,2,1,3,0,1,-1,-4,-4,-6,-7,-5,-7,-5,-5,-2,-8,4,DST1409*29,PPX120
21091,2014,9,30,-7,-15,-19,-22,-27,-24,-23,-22,-22,-19,-18,-19,-17,-13,-10,-14,-18,-18,-21,-21,-14,-14,-16,-21,-18,-27,-7,DST1409*30,PPX120
21092,2014,10,1,-31,-28,-27,-24,-21,-20,-19,-22,-18,-18,-17,-18,-22,-22,-18,-20,-22,-25,-25,-22,-20,-19,-18,-16,-21,-31,-16,DST1410*01,PPX120
21093,2014,10,2,-16,-16,-14,-13,-12,-17,-16,-15,-11,-7,-2,-6,-11,-9,-11,-9,-8,-10,-10,-10,-15,-20,-25,-25,-13,-25,-2,DST1410*02,PPX120
21094,2014,10,3,-21,-19,-18,-15,-10,-6,-6,-3,0,-1,-3,-4,-6,-7,-6,-2,0,3,5,5,2,1,1,2,-5,-21,5,DST1410*03,PPX120
21095,2014,10,4,4,8,6,4,2,0,-1,-3,0,1,4,7,8,7,8,9,8,7,4,0,-1,0,4,10,4,-3,10,DST1410*04,PPX120
21096,2014,10,5,12,11,13,13,12,12,13,16,16,15,14,12,9,7,5,4,-2,-2,-3,-1,0,2,2,2,8,-3,16,DST1410*05,PPX120
21097,2014,10,6,1,-2,-5,-5,-1,-1,-1,-1,-3,-1,1,0,-2,-1,2,6,6,4,2,0,-1,-4,-3,0,0,-5,6,DST1410*06,PPX120
21098,2014,10,7,2,-1,-7,-7,-10,-9,-6,-4,-3,-2,-3,-7,-11,-9,-6,-4,-4,-4,-4,-2,-1,-2,-1,3,-4,-11,3,DST1410*07,PPX120
21099,2014,10,8,8,12,13,17,20,20,17,19,19,17,1,-9,-17,-17,-13,-9,-12,-18,-21,-24,-25,-26,-24,-22,-3,-26,20,DST1410*08,PPX120
21100,2014,10,9,-22,-21,-24,-26,-28,-31,-42,-46,-45,-34,-27,-24,-33,-33,-26,-20,-19,-19,-20,-17,-20,-19,-16,-13,-26,-46,-13,DST1410*09,PPX120
21101,2014,10,10,-15,-14,-18,-20,-25,-28,-23,-19,-20,-18,-15,-13,-12,-12,-10,-11,-14,-13,-12,-7,-6,-13,-17,-20,-16,-28,-6,DST1410*10,PPX120
21102,2014,10,11,-23,-25,-28,-26,-22,-22,-27,-34,-36,-33,-32,-28,-29,-28,-22,-19,-13,-7,-3,0,0,-3,-7,-8,-20,-36,0,DST1410*11,PPX120
21103,2014,10,12,-9,-7,-5,-3,-1,-1,0,2,1,2,3,1,2,4,6,4,4,2,5,10,20,22,16,13,4,-9,22,DST1410*12,PPX120
21104,2014,10,13,12,12,12,12,13,13,14,5,3,3,4,3,7,8,9,7,4,4,-1,4,5,3,-6,-4,6,-6,14,DST1410*13,PPX120
21105,2014,10,14,-4,-4,-6,-1,6,12,14,13,15,14,16,14,11,8,10,8,-19,-29,-40,-40,-30,-28,-41,-43,-6,-43,16,DST1410*14,PPX120
21106,2014,10,15,-31,-34,-38,-36,-32,-30,-29,-23,-20,-14,-11,-10,-13,-15,-18,-21,-23,-19,-16,-12,-10,-9,-9,-10,-20,-38,-9,DST1410*15,PPX120
21107,2014,10,16,-11,-14,-11,-13,-13,-13,-15,-15,-13,-8,-6,-9,-16,-15,-14,-12,-10,-8,-9,-9,-5,-7,-14,-12,-11,-16,-5,DST1410*16,PPX120
21108,2014,10,17,-13,-11,-10,-16,-21,-16,-11,-10,-13,-12,-8,-7,-6,-6,-5,-6,-7,-10,-11,-11,-11,-14,-15,-13,-11,-21,-5,DST1410*17,PPX120
21109,2014,10,18,-18,-25,-21,-19,-13,-14,-8,-6,-10,-10,-10,-10,2,4,1,-7,-15,-15,-18,-17,-21,-24,-24,-18,-13,-25,4,DST1410*18,PPX120
21110,2014,10,19,-24,-30,-30,-24,-18,-17,-20,-26,-24,-20,-16,-17,-24,-27,-24,-22,-20,-20,-21,-23,-21,-15,-7,-5,-21,-30,-5,DST1410*19,PPX120
21111,2014,10,20,-11,-11,-11,-9,-9,-20,-27,-29,-27,-20,-20,-22,-35,-43,-39,-33,-43,-45,-45,-43,-34,-30,-31,-37,-28,-45,-9,DST1410*20,PPX120
21112,2014,10,21,-36,-32,-33,-32,-31,-30,-29,-38,-38,-28,-23,-25,-27,-23,-25,-28,-31,-31,-28,-31,-33,-26,-26,-29,-30,-38,-23,DST1410*21,PPX120
21113,2014,10,22,-34,-34,-38,-35,-30,-28,-28,-27,-22,-19,-16,-16,-17,-23,-25,-23,-26,-22,-26,-23,-21,-23,-21,-18,-25,-38,-16,DST1410*22,PPX120
21114,2014,10,23,-18,-17,-19,-20,-16,-15,-16,-17,-21,-25,-25,-19,-17,-21,-19,-12,-13,-13,-15,-15,-12,-7,-10,-11,-16,-25,-7,DST1410*23,PPX120
21115,2014,10,24,-15,-16,-14,-12,-11,-11,-14,-16,-23,-25,-26,-19,-15,-17,-22,-23,-28,-36,-35,-29,-26,-22,-19,-22,-21,-36,-11,DST1410*24,PPX120
21116,2014,10,25,-25,-25,-22,-19,-22,-28,-25,-23,-25,-22,-18,-20,-25,-29,-23,-17,-13,-13,-12,-14,-10,-12,-12,-12,-19,-29,-10,DST1410*25,PPX120
21117,2014,10,26,-18,-18,-23,-21,-15,-16,-23,-32,-29,-23,-21,-18,-21,-26,-31,-32,-31,-26,-24,-21,-14,-9,-10,-13,-21,-32,-9,DST1410*26,PPX120
21118,2014,10,27,-19,-22,-22,-18,-18,-23,-21,-22,-28,-29,-22,-23,-20,-17,-13,-9,-12,-17,-14,-15,-17,-24,-33,-41,-21,-41,-9,DST1410*27,PPX120
21119,2014,10,28,-46,-48,-42,-41,-39,-38,-35,-31,-32,-37,-37,-31,-30,-29,-25,-24,-23,-20,-20,-21,-27,-24,-22,-22,-31,-48,-20,DST1410*28,PPX120
21120,2014,10,29,-24,-30,-34,-32,-26,-22,-25,-29,-30,-30,-27,-25,-22,-20,-18,-19,-23,-25,-23,-22,-19,-16,-17,-18,-24,-34,-16,DST1410*29,PPX120
21121,2014,10,30,-21,-21,-19,-18,-16,-15,-15,-17,-21,-20,-21,-17,-11,-8,-8,-10,-6,-5,-6,-5,-5,-3,3,-1,-12,-21,3,DST1410*30,PPX120
21122,2014,10,31,0,3,2,2,-1,0,1,0,3,4,5,5,6,4,6,5,3,1,1,-2,-9,-8,-7,-7,1,-9,6,DST1410*31,PPX120
21123,2014,11,1,-7,-6,-5,-7,-7,-8,-9,3,5,6,6,4,3,3,8,5,2,1,1,3,5,5,3,1,1,-9,8,DST1411*01,PPX120
21124,2014,11,2,0,3,3,-1,-6,-5,-7,-5,0,2,10,8,3,2,6,10,7,8,7,10,15,15,14,10,5,-7,15,DST1411*02,PPX120
21125,2014,11,3,10,12,4,2,2,0,-2,0,1,6,6,1,2,8,11,9,10,10,6,3,4,7,17,30,7,-2,30,DST1411*03,PPX120
21126,2014,11,4,34,34,32,29,27,28,25,18,5,-18,-39,-35,-24,-28,-35,-33,-23,-14,-13,-16,-22,-13,-11,-15,-4,-39,34,DST1411*04,PPX120
21127,2014,11,5,-15,-12,-11,-12,-22,-22,-20,-19,-26,-38,-34,-34,-32,-17,-10,-12,-15,-15,-15,-14,-14,-19,-22,-19,-20,-38,-10,DST1411*05,PPX120
21128,2014,11,6,-17,-16,-13,-13,-13,-20,-20,-18,-13,-11,-9,-11,-11,-8,-1,-1,-3,-3,-3,-1,-2,-1,-5,-11,-9,-20,-1,DST1411*06,PPX120
21129,2014,11,7,-13,-12,-9,-12,-18,-19,-20,-12,-10,-12,-10,-7,-4,-7,1,2,4,2,1,5,8,-2,-8,-14,-7,-20,8,DST1411*07,PPX120
21130,2014,11,8,-12,-14,-14,-16,-14,-17,-16,-12,-11,-12,-8,-10,-9,-2,-5,-6,-5,-3,-5,-2,-1,0,-3,-6,-8,-17,0,DST1411*08,PPX120
21131,2014,11,9,-3,-5,-7,-6,-4,-1,-4,-2,-1,2,7,6,4,7,10,6,4,3,-8,-12,-9,-1,2,-1,-1,-12,10,DST1411*09,PPX120
21132,2014,11,10,-8,-20,-6,5,2,-3,-5,1,-12,-9,-7,-27,-32,-27,-32,-33,-39,-57,-47,-43,-45,-43,-38,-35,-23,-57,5,DST1411*10,PPX120
21133,2014,11,11,-31,-27,-31,-32,-32,-33,-31,-26,-19,-21,-17,-16,-12,-5,3,1,-2,-3,-2,-1,-2,-8,-17,-28,-16,-33,3,DST1411*11,PPX120
21134,2014,11,12,-32,-26,-26,-29,-28,-26,-23,-22,-25,-23,-21,-21,-18,-12,-9,-10,-9,-8,-9,-10,-7,-9,-9,-8,-18,-32,-7,DST1411*12,PPX120
21135,2014,11,13,-12,-15,-13,-16,-17,-15,-11,-9,-7,-7,-8,-7,-6,-5,-2,-2,0,0,-2,-1,-1,1,-1,-6,-7,-17,1,DST1411*13,PPX120
21136,2014,11,14,-6,-14,-15,-14,-14,-13,-5,-18,-18,-17,-14,-13,-9,-4,3,0,0,0,-2,-7,-13,-17,-15,-11,-10,-18,3,DST1411*14,PPX120
21137,2014,11,15,-12,-13,-12,-14,-19,-25,-25,-26,-27,-30,-32,-29,-22,-25,-22,-21,-18,-12,-8,-8,-14,-13,-10,-18,-19,-32,-8,DST1411*15,PPX120
21138,2014,11,16,-14,-21,-32,-40,-39,-39,-49,-50,-43,-36,-31,-33,-30,-26,-31,-34,-33,-32,-35,-30,-26,-29,-24,-24,-33,-50,-14,DST1411*16,PPX120
21139,2014,11,17,-24,-24,-23,-27,-32,-33,-29,-22,-20,-20,-17,-15,-20,-22,-13,-14,-16,-17,-13,-10,-15,-12,-11,-13,-19,-33,-10,DST1411*17,PPX120
21140,2014,11,18,-17,-17,-19,-23,-22,-22,-27,-21,-19,-15,-17,-24,-26,-20,-17,-20,-22,-20,-20,-21,-20,-15,-13,-16,-20,-27,-13,DST1411*18,PPX120
21141,2014,11,19,-21,-23,-20,-21,-23,-26,-29,-26,-20,-17,-13,-11,-11,-5,0,-4,-6,-6,-4,-3,-11,-10,-6,-4,-13,-29,0,DST1411*19,PPX120
21142,2014,11,20,-7,-12,-11,-12,-17,-26,-32,-30,-27,-24,-16,-20,-19,-15,-11,-16,-21,-28,-30,-26,-19,-17,-16,-17,-20,-32,-7,DST1411*20,PPX120
21143,2014,11,21,-23,-25,-19,-19,-27,-37,-32,-26,-25,-28,-25,-20,-17,-14,-12,-21,-25,-26,-24,-22,-24,-26,-23,-23,-23,-37,-12,DST1411*21,PPX120
21144,2014,11,22,-25,-27,-26,-25,-27,-31,-29,-24,-24,-26,-25,-26,-21,-16,-11,-15,-13,-13,-14,-17,-13,-15,-14,-11,-20,-31,-11,DST1411*22,PPX120
21145,2014,11,23,-10,-13,-11,-14,-16,-23,-25,-19,-18,-21,-21,-25,-18,-19,-16,-22,-25,-25,-22,-20,-22,-24,-24,-22,-20,-25,-10,DST1411*23,PPX120
21146,2014,11,24,-22,-20,-20,-23,-24,-25,-25,-24,-19,-18,-16,-13,-12,-12,-12,-19,-23,-18,-19,-21,-23,-25,-23,-22,-20,-25,-12,DST1411*24,PPX120
21147,2014,11,25,-19,-18,-18,-18,-18,-19,-20,-14,-10,-11,-11,-13,-13,-4,0,-4,-6,-9,-13,-11,-14,-17,-21,-19,-13,-21,0,DST1411*25,PPX120
21148,2014,11,26,-14,-11,-9,-13,-14,-17,-17,-16,-19,-20,-15,-11,-10,-11,-9,-11,-12,-10,-8,-6,-7,-9,-12,-15,-12,-20,-6,DST1411*26,PPX120
21149,2014,11,27,-17,-15,-9,-8,-14,-2,-4,-2,-1,2,6,8,7,6,8,3,-1,6,11,11,2,-8,-7,-10,-1,-17,11,DST1411*27,PPX120
21150,2014,11,28,-10,-6,0,1,2,5,4,3,5,6,9,7,7,4,-6,-3,-3,-2,2,3,4,6,5,5,2,-10,9,DST1411*28,PPX120
21151,2014,11,29,5,6,5,7,10,6,7,9,15,15,15,14,10,8,10,11,14,11,10,9,9,5,3,1,9,1,15,DST1411*29,PPX120
21152,2014,11,30,4,4,8,9,7,6,7,10,10,11,8,10,15,21,23,16,9,4,8,8,2,-3,-11,-11,7,-11,23,DST1411*30,PPX120
21153,2014,12,1,7,11,13,13,15,20,15,16,10,12,13,19,18,20,28,27,26,25,17,20,15,13,-5,-5,15,-5,28,DST1412*01,PPX120
21154,2014,12,2,0,7,5,6,7,2,-3,-2,2,-3,-7,-1,8,10,9,6,-2,-4,-8,-4,-2,-1,-2,3,1,-8,10,DST1412*02,PPX120
21155,2014,12,3,5,0,0,2,4,5,5,7,11,17,17,13,15,14,16,16,16,15,13,2,3,6,8,9,9,0,17,DST1412*03,PPX120
21156,2014,12,4,5,6,11,9,6,7,10,12,13,12,13,16,18,14,9,3,-4,-2,0,1,4,10,9,6,8,-4,18,DST1412*04,PPX120
21157,2014,12,5,12,16,13,6,6,-4,-8,-6,-5,-5,-6,-2,7,3,3,2,-3,-4,-4,-2,-1,2,3,4,1,-8,16,DST1412*05,PPX120
21158,2014,12,6,6,9,11,15,9,7,10,18,27,28,20,23,30,29,30,37,28,30,28,22,5,6,1,-8,18,-8,37,DST1412*06,PPX120
21159,2014,12,7,-5,-5,-3,-1,-1,-1,-5,-7,-4,-1,-7,-15,-3,-6,-13,-15,-17,-21,-18,-17,-24,-23,-24,-16,-11,-24,-1,DST1412*07,PPX120
21160,2014,12,8,-14,-14,-14,-14,-14,-12,-10,-6,-8,-7,-10,-12,-8,-8,-3,-3,0,-5,1,-6,-9,-7,-11,-13,-9,-14,1,DST1412*08,PPX120
21161,2014,12,9,-20,-21,-12,-9,-9,-11,-14,-11,-6,-10,-16,-14,-14,-5,-10,-14,-13,-14,-9,-7,-13,-7,-4,-2,-11,-21,-2,DST1412*09,PPX120
21162,2014,12,10,3,6,7,8,6,7,5,0,-6,-1,2,1,0,3,7,6,4,2,1,-1,-2,-2,-3,-2,2,-6,8,DST1412*10,PPX120
21163,2014,12,11,1,3,9,9,9,10,12,13,15,16,13,13,15,15,14,11,11,12,11,12,16,17,22,22,13,1,22,DST1412*11,PPX120
21164,2014,12,12,20,19,8,6,12,12,5,-1,-5,-7,-6,0,-8,-18,-23,-32,-33,-30,-27,-32,-31,-24,-23,-18,-10,-33,20,DST1412*12,PPX120
21165,2014,12,13,-16,-15,-14,-13,-13,-11,-5,-2,-4,-5,-5,-4,-5,-9,-7,-6,-10,-11,-8,-8,-8,-7,-15,-19,-9,-19,-2,DST1412*13,PPX120
21166,2014,12,14,-15,-11,-10,-11,-12,-11,-9,-6,-7,-6,-7,-7,-11,-12,-15,-13,-10,-10,-9,-12,-12,-5,2,4,-9,-15,4,DST1412*14,PPX120
21167,2014,12,15,5,7,8,2,-1,7,9,6,-6,-14,-16,-9,-2,-8,-14,-12,-10,-10,-8,-6,-6,-15,-15,-11,-5,-16,9,DST1412*15,PPX120
21168,2014,12,16,-8,-5,-5,-3,-4,-4,-4,-3,-1,1,-1,-4,-5,-4,-9,-4,0,1,-1,0,0,-2,-4,-6,-3,-9,1,DST1412*16,PPX120
21169,2014,12,17,-11,-11,-8,-5,-8,-7,-2,-3,-6,-4,-2,-1,-2,-3,-2,-3,-7,-9,-5,-2,-2,2,4,4,-4,-11,4,DST1412*17,PPX120
21170,2014,12,18,8,11,11,6,5,7,8,10,11,7,7,8,9,10,10,8,6,5,5,6,5,4,5,6,7,4,11,DST1412*18,PPX120
21171,2014,12,19,8,6,7,8,11,12,8,6,6,3,3,5,4,3,5,4,0,-7,-12,-11,-6,0,4,7,3,-12,12,DST1412*19,PPX120
21172,2014,12,20,12,10,5,4,3,0,-1,1,4,3,1,-4,-3,0,3,0,-3,-3,0,2,2,3,-2,4,2,-4,12,DST1412*20,PPX120
21173,2014,12,21,9,11,11,8,1,-9,-15,-12,-8,-10,-13,-13,-9,-5,-7,-12,-19,-25,-25,-16,-22,-29,-25,-17,-10,-29,11,DST1412*21,PPX120
21174,2014,12,22,-19,-20,-22,-30,-36,-51,-49,-43,-41,-35,-33,-25,-19,-16,-12,-4,-4,-3,7,13,18,23,19,21,-15,-51,23,DST1412*22,PPX120
21175,2014,12,23,19,15,14,11,7,6,11,12,12,9,6,26,31,28,24,24,20,20,16,11,-6,-25,-38,-31,9,-38,31,DST1412*23,PPX120
21176,2014,12,24,-37,-36,-34,-25,-20,-20,-23,-22,-15,-18,-22,-21,-15,-12,-10,-16,-21,-20,-23,-29,-25,-28,-34,-33,-23,-37,-10,DST1412*24,PPX120
21177,2014,12,25,-25,-16,-13,-14,-17,-20,-17,-15,-13,-12,-9,-6,-3,-11,-7,-13,-18,-17,-12,-6,-8,-17,-28,-29,-14,-29,-3,DST1412*25,PPX120
21178,2014,12,26,-28,-36,-32,-33,-32,-29,-27,-21,-19,-23,-23,-18,-13,-10,-9,-7,-6,-6,-11,-23,-30,-30,-27,-24,-22,-36,-6,DST1412*26,PPX120
21179,2014,12,27,-28,-26,-20,-15,-12,-16,-18,-18,-18,-16,-16,-13,-13,-12,-7,-4,-3,-5,-6,-6,-5,-3,-4,-3,-12,-28,-3,DST1412*27,PPX120
21180,2014,12,28,1,-2,-3,-3,0,4,4,0,1,2,1,1,4,9,12,13,7,1,7,2,-7,0,2,5,3,-7,13,DST1412*28,PPX120
21181,2014,12,29,3,7,9,10,14,10,9,8,5,-2,-15,-12,-9,-5,-5,1,-9,-23,-21,-15,-14,-23,-13,-21,-5,-23,14,DST1412*29,PPX120
21182,2014,12,30,-18,-16,-16,-20,-19,-23,-10,-6,-6,-9,-10,-10,-7,-5,-2,-4,-4,-5,-4,-4,-12,-17,-17,-8,-11,-23,-2,DST1412*30,PPX120
21183,2014,12,31,-4,2,1,4,3,1,3,6,9,10,14,13,10,5,1,4,-1,-3,-7,-8,-9,-9,-5,-4,2,-9,14,DST1412*31,PPX120